{"metadata":{"asset_id":"7a176e2e-e598-4352-95d3-1e38dd91ad3a","asset_attributes":["wml_model"],"name":"Discount - P4 XGBClassifierEstimator","asset_type":"wml_model","created_at":"2021-04-13T19:45:55Z","description":"","origin_country":"us","owner_id":"IBMid-2700030XRF","space_id":"123cfeb9-5558-4696-b29d-3a339362891d","sandbox_id":"123cfeb9-5558-4696-b29d-3a339362891d","size":78779,"tags":[],"usage":{"last_update_time":1618343157190,"last_updated_at":"2021-04-13T19:45:57Z"}},"entity":{"wml_model":{"hybrid_pipeline_software_specs":[{"base_id":"632d4b22-10aa-5180-88f0-f52dfb6444d7","name":"autoai-kb_3.1-py3.7"}],"pipeline":{"id":"ec54470b-7b4c-4278-8de2-ec16032aa308"},"ml_version":"4.0.8","type":"wml-hybrid_0.1","schemas":{"input":[{"fields":[{"name":"SCORE","type":"integer"},{"name":"AGE","type":"integer"},{"name":"GENDER","type":"other"},{"name":"MONTHLY_PAYMENT","type":"integer"},{"name":"UPSELL","type":"integer"},{"name":"DISCOUNT","type":"integer"}],"id":"auto_ai_kb_input_schema"}],"output":[]},"content_location":{"connection":{"access_key_id":"a12f5f6089e8474398d857442f996860","endpoint_url":"https://s3-api.us-geo.objectstorage.softlayer.net","secret_access_key":"a5877f5f294d4a6603b3e90c280feb0b7b5187e74c30dc70","accessKeyId":"a12f5f6089e8474398d857442f996860"},"contents":[{"content_format":"native","file_name":"pipeline_model.json","location":"auto_ml/ab821e52-230e-44dc-8a2b-8182ddc8abb7/wml_data/7d2e15c9-ffda-41f0-a20d-cb2b64630527/assets/7d2e15c9-ffda-41f0-a20d-cb2b64630527_P4_hpo_c_output/resources/wml_model/pipeline_model.json"},{"content_format":"pipeline-node","file_name":"P4_automl.zip","location":"auto_ml/ab821e52-230e-44dc-8a2b-8182ddc8abb7/wml_data/7d2e15c9-ffda-41f0-a20d-cb2b64630527/assets/7d2e15c9-ffda-41f0-a20d-cb2b64630527_P4_hpo_c_output/resources/wml_model/P4_automl.zip","pipeline_node_id":"automl"}],"location":{"path":"auto_ml/ab821e52-230e-44dc-8a2b-8182ddc8abb7/wml_data","notebooks_path":"auto_ml/ab821e52-230e-44dc-8a2b-8182ddc8abb7/wml_data/7d2e15c9-ffda-41f0-a20d-cb2b64630527/notebooks","training":"auto_ml/ab821e52-230e-44dc-8a2b-8182ddc8abb7/wml_data/7d2e15c9-ffda-41f0-a20d-cb2b64630527","training_status":"auto_ml/ab821e52-230e-44dc-8a2b-8182ddc8abb7/wml_data/7d2e15c9-ffda-41f0-a20d-cb2b64630527/training-status.json","bucket":"productrecommenderforbankingpalan-donotdelete-pr-pfggj8wddrh1ce","type":"s3","assets_path":"auto_ml/ab821e52-230e-44dc-8a2b-8182ddc8abb7/wml_data/7d2e15c9-ffda-41f0-a20d-cb2b64630527/assets"},"type":"s3"},"training_data_references":[{"connection":{"endpoint_url":"https://s3-api.us-geo.objectstorage.softlayer.net","auth_endpoint":"https://iam.bluemix.net/oidc/token/","api_key":"64sAEWVMye3p2x-RJCp70ci1Y3j0rtPnUbCwMXBh8GQn","secret_access_key":"a5877f5f294d4a6603b3e90c280feb0b7b5187e74c30dc70","access_key_id":"a12f5f6089e8474398d857442f996860","service_instance_id":"iam-ServiceId-44edcc6b-5212-4c3d-88ae-551bcc8b6df8"},"location":{"bucket":"productrecommenderforbankingpalan-donotdelete-pr-pfggj8wddrh1ce","path":"upsell.csv","type":"s3"},"type":"s3"}],"software_spec":{"base_id":"8c1a58c6-62b5-4dc4-987a-df751c2756b6","name":"hybrid_0.1"},"content_import_state":"completed"}},"attachments":[{"id":"cfd8475b-042b-40c2-9fc8-2166b2192693","version":2,"asset_type":"wml_model","name":"pipeline_model.json","datasource_type":"193a97c1-4475-4a19-b90c-295c4fdc6517","creator_id":"IBMid-2700030XRF","create_time":1618343149435,"size":1572,"is_remote":false,"is_managed":true,"is_referenced":false,"is_object_key_read_only":false,"is_user_provided_path_key":false,"transfer_complete":true,"is_partitioned":false,"complete_time_ticks":1618343113359,"user_data":{"content_format":"native"},"test_doc":0,"handle":{"bucket":"bc085f12-6417-44d5-a92a-29c40ddf5dc1","location":"us-geo","type":"bluemix_cos","key":"wml_model/pipeline_model_json_caz68ai2yfxje6auqkg3ack2b","upload_id":"done","max_part_num":1},"usage":{"access_count":1,"last_accessor_id":"IBMid-2700030XRF","last_access_time":1618343149435}},{"id":"620965d3-4342-4bf3-8808-b3f767846eb7","version":2,"asset_type":"wml_model","name":"P4_automl.zip","datasource_type":"193a97c1-4475-4a19-b90c-295c4fdc6517","creator_id":"IBMid-2700030XRF","create_time":1618343153497,"size":77207,"is_remote":false,"is_managed":true,"is_referenced":false,"is_object_key_read_only":false,"is_user_provided_path_key":false,"transfer_complete":true,"is_partitioned":false,"complete_time_ticks":1618343121624,"user_data":{"content_format":"pipeline-node","pipeline_node_id":"automl"},"test_doc":0,"handle":{"bucket":"bc085f12-6417-44d5-a92a-29c40ddf5dc1","location":"us-geo","type":"bluemix_cos","key":"wml_model/P4_automl_zip_5sxzwwi0s9s6dd6xzkzyne1mf","upload_id":"done","max_part_num":1},"usage":{"access_count":1,"last_accessor_id":"IBMid-2700030XRF","last_access_time":1618343153497}}]}
