{"metadata":{"asset_id":"68860831-6ae3-4a5c-bf39-e76cc97ecc66","asset_attributes":["wml_pipeline"],"name":"Product recommendation","asset_type":"wml_pipeline","created_at":"2021-04-13T17:47:41Z","description":"","origin_country":"us","owner_id":"IBMid-55000002JJ","space_id":"123cfeb9-5558-4696-b29d-3a339362891d","sandbox_id":"123cfeb9-5558-4696-b29d-3a339362891d","size":0,"tags":["dsx-project.671acc3c-57dc-4101-a568-06c70618b218"],"usage":{"last_update_time":1618336061911,"last_updated_at":"2021-04-13T17:47:41Z"}},"entity":{"wml_pipeline":{"document":{"doc_type":"pipeline","pipelines":[{"id":"autoai","nodes":[{"id":"automl","op":"kube","parameters":{"output_logs":true,"input_file_separator":",","stage_flag":true,"optimization":{"compute_pipeline_notebooks_flag":true,"daub_adaptive_subsampling_max_mem_usage":15000000000,"holdout_param":0.1,"label":"Offer_Matched_ID","learning_type":"classification","max_num_daub_ensembles":2,"run_cognito_flag":true,"scorer_for_ranking":"accuracy","train_sample_columns_index_list":[2,3,4,5,6,8,9]},"one_vs_all_file":true},"runtime_ref":"autoai","type":"execution_node"}],"runtime_ref":"hybrid"}],"primary_pipeline":"autoai","runtimes":[{"app_data":{"wml_data":{"hardware_spec":{"base_id":"a6c4923b-b8e4-444c-9f43-8a7ec3020110","name":"L"}}},"id":"autoai","name":"auto_ai.kb"}],"version":"2.0"},"ml_version":"4.0.0"}}}
